Year,Mean EVI
2010,1281.7362294544987
2011,1262.2264493307107
2012,1298.0316021668677
2013,1291.2110948086731
2014,1283.0535151327024
2015,1248.3868444777363
2016,1261.6069954564455
2017,1263.7014162646603
2018,1284.4866472659228
2019,1308.3865532083378
2020,1343.2651501054854
2021,1328.2140434471132
2022,1345.3765609058323
2023,1134.1208721024639
