filename,min,max,mean,median
2022R.tif,58.835227966308594,566.6293334960938,315.1773766592929,279.06158447265625
2023R.tif,52.85223388671875,511.3251953125,249.56303961967168,241.9840850830078
