filename,min,max,mean,median
Assaba_Pop_2010.tif,0.1620030701160431,1225.3555908203125,8.376488334360348,3.808727264404297
Assaba_Pop_2015.tif,0.15864534676074982,1224.9822998046875,9.453789526695706,4.3881072998046875
Assaba_Pop_2020.tif,0.12940584123134613,1802.359375,10.728927290674264,4.891481876373291
