filename,min,max,mean,median
mrt_pd_2015_1km.tif,0.0,41863.03125,3.541236010677598,0.034257590770721436
mrt_pd_2020_1km.tif,0.0,51747.5,4.209858306390367,0.03523218631744385
